item_id,title,description,category,content_type,created_date,duration_minutes,word_count,author,tags
0,Sample post about sports #0,This is a post about sports. Lorem ipsum dolor sit amet.,sports,post,2025-05-21,,,Author_30,"['tag_9', 'tag_12', 'tag_6']"
1,Sample article about sports #1,This is a article about sports. Lorem ipsum dolor sit amet.,sports,article,2025-04-03,,985,Author_38,['tag_10']
2,Sample video about travel #2,This is a video about travel. Lorem ipsum dolor sit amet.,travel,video,2025-05-31,10,,Author_38,"['tag_8', 'tag_4', 'tag_10']"
3,Sample post about sports #3,This is a post about sports. Lorem ipsum dolor sit amet.,sports,post,2025-08-19,,,Author_23,"['tag_14', 'tag_12', 'tag_3']"
4,Sample article about health #4,This is a article about health. Lorem ipsum dolor sit amet.,health,article,2025-02-06,,4115,Author_7,"['tag_12', 'tag_15']"
5,Sample video about entertainment #5,This is a video about entertainment. Lorem ipsum dolor sit amet.,entertainment,video,2025-06-11,94,,Author_34,"['tag_9', 'tag_20', 'tag_18']"
6,Sample video about food #6,This is a video about food. Lorem ipsum dolor sit amet.,food,video,2025-01-29,106,,Author_47,"['tag_9', 'tag_11', 'tag_8']"
7,Sample video about sports #7,This is a video about sports. Lorem ipsum dolor sit amet.,sports,video,2025-01-22,32,,Author_49,"['tag_19', 'tag_20']"
8,Sample video about travel #8,This is a video about travel. Lorem ipsum dolor sit amet.,travel,video,2025-08-26,64,,Author_21,['tag_16']
9,Sample video about science #9,This is a video about science. Lorem ipsum dolor sit amet.,science,video,2025-04-30,44,,Author_18,"['tag_9', 'tag_18', 'tag_1']"
10,Sample article about science #10,This is a article about science. Lorem ipsum dolor sit amet.,science,article,2025-05-09,,3429,Author_32,"['tag_8', 'tag_16', 'tag_16']"
11,Sample article about food #11,This is a article about food. Lorem ipsum dolor sit amet.,food,article,2025-07-24,,2510,Author_15,"['tag_8', 'tag_10']"
12,Sample video about health #12,This is a video about health. Lorem ipsum dolor sit amet.,health,video,2024-11-30,68,,Author_23,"['tag_18', 'tag_11']"
13,Sample post about health #13,This is a post about health. Lorem ipsum dolor sit amet.,health,post,2025-01-20,,,Author_18,"['tag_9', 'tag_8']"
14,Sample post about sports #14,This is a post about sports. Lorem ipsum dolor sit amet.,sports,post,2025-06-03,,,Author_21,['tag_18']
15,Sample article about entertainment #15,This is a article about entertainment. Lorem ipsum dolor sit amet.,entertainment,article,2025-05-22,,4066,Author_18,"['tag_19', 'tag_17', 'tag_20']"
16,Sample article about politics #16,This is a article about politics. Lorem ipsum dolor sit amet.,politics,article,2025-06-02,,2526,Author_15,"['tag_6', 'tag_10']"
17,Sample post about technology #17,This is a post about technology. Lorem ipsum dolor sit amet.,technology,post,2024-12-10,,,Author_9,"['tag_2', 'tag_2']"
18,Sample post about politics #18,This is a post about politics. Lorem ipsum dolor sit amet.,politics,post,2025-07-07,,,Author_41,"['tag_4', 'tag_1']"
19,Sample video about politics #19,This is a video about politics. Lorem ipsum dolor sit amet.,politics,video,2025-01-07,57,,Author_22,['tag_2']
20,Sample video about politics #20,This is a video about politics. Lorem ipsum dolor sit amet.,politics,video,2025-07-13,106,,Author_5,"['tag_16', 'tag_3']"
21,Sample article about technology #21,This is a article about technology. Lorem ipsum dolor sit amet.,technology,article,2025-06-25,,4710,Author_20,['tag_8']
22,Sample post about sports #22,This is a post about sports. Lorem ipsum dolor sit amet.,sports,post,2025-02-08,,,Author_39,"['tag_20', 'tag_8', 'tag_17']"
23,Sample video about travel #23,This is a video about travel. Lorem ipsum dolor sit amet.,travel,video,2025-01-26,39,,Author_38,"['tag_10', 'tag_19']"
24,Sample post about technology #24,This is a post about technology. Lorem ipsum dolor sit amet.,technology,post,2025-07-21,,,Author_49,['tag_7']
25,Sample post about politics #25,This is a post about politics. Lorem ipsum dolor sit amet.,politics,post,2025-07-30,,,Author_11,['tag_6']
26,Sample article about sports #26,This is a article about sports. Lorem ipsum dolor sit amet.,sports,article,2025-09-08,,3446,Author_29,"['tag_20', 'tag_16', 'tag_10']"
27,Sample article about technology #27,This is a article about technology. Lorem ipsum dolor sit amet.,technology,article,2025-04-15,,2416,Author_45,"['tag_3', 'tag_8']"
28,Sample post about politics #28,This is a post about politics. Lorem ipsum dolor sit amet.,politics,post,2024-11-12,,,Author_43,['tag_14']
29,Sample post about sports #29,This is a post about sports. Lorem ipsum dolor sit amet.,sports,post,2025-05-17,,,Author_42,['tag_9']
30,Sample article about entertainment #30,This is a article about entertainment. Lorem ipsum dolor sit amet.,entertainment,article,2025-08-10,,1459,Author_20,"['tag_19', 'tag_10', 'tag_15']"
31,Sample video about sports #31,This is a video about sports. Lorem ipsum dolor sit amet.,sports,video,2024-09-22,39,,Author_45,"['tag_9', 'tag_17']"
32,Sample video about food #32,This is a video about food. Lorem ipsum dolor sit amet.,food,video,2025-07-30,77,,Author_3,"['tag_11', 'tag_20']"
33,Sample article about politics #33,This is a article about politics. Lorem ipsum dolor sit amet.,politics,article,2025-07-25,,1975,Author_44,"['tag_19', 'tag_1', 'tag_9']"
34,Sample article about technology #34,This is a article about technology. Lorem ipsum dolor sit amet.,technology,article,2025-01-12,,4351,Author_42,"['tag_9', 'tag_6']"
35,Sample post about travel #35,This is a post about travel. Lorem ipsum dolor sit amet.,travel,post,2025-01-01,,,Author_6,"['tag_12', 'tag_14']"
36,Sample video about health #36,This is a video about health. Lorem ipsum dolor sit amet.,health,video,2024-10-01,14,,Author_11,"['tag_14', 'tag_16']"
37,Sample post about politics #37,This is a post about politics. Lorem ipsum dolor sit amet.,politics,post,2025-02-16,,,Author_49,"['tag_2', 'tag_15', 'tag_3']"
38,Sample video about health #38,This is a video about health. Lorem ipsum dolor sit amet.,health,video,2025-03-28,15,,Author_50,"['tag_17', 'tag_1']"
39,Sample video about food #39,This is a video about food. Lorem ipsum dolor sit amet.,food,video,2025-08-13,25,,Author_34,"['tag_20', 'tag_16']"
40,Sample article about food #40,This is a article about food. Lorem ipsum dolor sit amet.,food,article,2025-05-28,,2287,Author_36,['tag_10']
41,Sample post about food #41,This is a post about food. Lorem ipsum dolor sit amet.,food,post,2025-01-04,,,Author_8,['tag_20']
42,Sample post about science #42,This is a post about science. Lorem ipsum dolor sit amet.,science,post,2025-06-20,,,Author_20,"['tag_1', 'tag_18', 'tag_14']"
43,Sample article about sports #43,This is a article about sports. Lorem ipsum dolor sit amet.,sports,article,2025-07-13,,3880,Author_8,"['tag_5', 'tag_16', 'tag_10']"
44,Sample video about politics #44,This is a video about politics. Lorem ipsum dolor sit amet.,politics,video,2025-01-05,61,,Author_16,"['tag_18', 'tag_5']"
45,Sample article about travel #45,This is a article about travel. Lorem ipsum dolor sit amet.,travel,article,2024-11-07,,4263,Author_48,['tag_3']
46,Sample video about politics #46,This is a video about politics. Lorem ipsum dolor sit amet.,politics,video,2025-03-19,120,,Author_33,"['tag_1', 'tag_10']"
47,Sample post about politics #47,This is a post about politics. Lorem ipsum dolor sit amet.,politics,post,2024-11-17,,,Author_43,"['tag_5', 'tag_15']"
48,Sample video about food #48,This is a video about food. Lorem ipsum dolor sit amet.,food,video,2025-03-23,71,,Author_49,"['tag_13', 'tag_15', 'tag_11']"
49,Sample post about science #49,This is a post about science. Lorem ipsum dolor sit amet.,science,post,2025-05-10,,,Author_37,"['tag_8', 'tag_14']"
50,Sample video about technology #50,This is a video about technology. Lorem ipsum dolor sit amet.,technology,video,2025-01-10,91,,Author_25,"['tag_5', 'tag_16']"
51,Sample article about technology #51,This is a article about technology. Lorem ipsum dolor sit amet.,technology,article,2024-12-26,,4934,Author_22,['tag_15']
52,Sample post about sports #52,This is a post about sports. Lorem ipsum dolor sit amet.,sports,post,2025-01-19,,,Author_1,"['tag_5', 'tag_14', 'tag_5']"
53,Sample video about sports #53,This is a video about sports. Lorem ipsum dolor sit amet.,sports,video,2025-04-27,44,,Author_40,"['tag_13', 'tag_3', 'tag_11']"
54,Sample video about travel #54,This is a video about travel. Lorem ipsum dolor sit amet.,travel,video,2024-10-24,92,,Author_49,"['tag_18', 'tag_2']"
55,Sample article about sports #55,This is a article about sports. Lorem ipsum dolor sit amet.,sports,article,2024-10-21,,2454,Author_15,"['tag_3', 'tag_14', 'tag_4']"
56,Sample video about sports #56,This is a video about sports. Lorem ipsum dolor sit amet.,sports,video,2025-06-16,89,,Author_20,['tag_2']
57,Sample article about health #57,This is a article about health. Lorem ipsum dolor sit amet.,health,article,2025-04-12,,3036,Author_24,"['tag_5', 'tag_8']"
58,Sample post about travel #58,This is a post about travel. Lorem ipsum dolor sit amet.,travel,post,2024-09-25,,,Author_12,['tag_6']
59,Sample post about sports #59,This is a post about sports. Lorem ipsum dolor sit amet.,sports,post,2025-02-26,,,Author_40,"['tag_8', 'tag_16', 'tag_19']"
60,Sample article about entertainment #60,This is a article about entertainment. Lorem ipsum dolor sit amet.,entertainment,article,2025-01-16,,2180,Author_30,"['tag_1', 'tag_15']"
61,Sample post about politics #61,This is a post about politics. Lorem ipsum dolor sit amet.,politics,post,2024-12-04,,,Author_11,['tag_15']
62,Sample post about health #62,This is a post about health. Lorem ipsum dolor sit amet.,health,post,2025-04-09,,,Author_41,"['tag_9', 'tag_15']"
63,Sample article about politics #63,This is a article about politics. Lorem ipsum dolor sit amet.,politics,article,2025-02-25,,4058,Author_7,['tag_13']
64,Sample post about health #64,This is a post about health. Lorem ipsum dolor sit amet.,health,post,2025-04-11,,,Author_45,"['tag_1', 'tag_13']"
65,Sample article about politics #65,This is a article about politics. Lorem ipsum dolor sit amet.,politics,article,2024-11-24,,501,Author_39,"['tag_16', 'tag_10', 'tag_8']"
66,Sample article about health #66,This is a article about health. Lorem ipsum dolor sit amet.,health,article,2024-10-19,,1657,Author_40,"['tag_5', 'tag_4']"
67,Sample video about technology #67,This is a video about technology. Lorem ipsum dolor sit amet.,technology,video,2025-01-27,5,,Author_38,"['tag_5', 'tag_3']"
68,Sample video about politics #68,This is a video about politics. Lorem ipsum dolor sit amet.,politics,video,2025-02-09,23,,Author_13,['tag_18']
69,Sample post about health #69,This is a post about health. Lorem ipsum dolor sit amet.,health,post,2024-12-27,,,Author_18,['tag_9']
70,Sample video about food #70,This is a video about food. Lorem ipsum dolor sit amet.,food,video,2025-03-20,103,,Author_8,"['tag_3', 'tag_5']"
71,Sample post about science #71,This is a post about science. Lorem ipsum dolor sit amet.,science,post,2024-09-29,,,Author_26,"['tag_12', 'tag_3', 'tag_13']"
72,Sample video about technology #72,This is a video about technology. Lorem ipsum dolor sit amet.,technology,video,2024-12-09,16,,Author_30,"['tag_9', 'tag_19']"
73,Sample post about travel #73,This is a post about travel. Lorem ipsum dolor sit amet.,travel,post,2025-03-03,,,Author_7,"['tag_8', 'tag_16', 'tag_1']"
74,Sample post about health #74,This is a post about health. Lorem ipsum dolor sit amet.,health,post,2025-05-19,,,Author_42,['tag_15']
75,Sample post about politics #75,This is a post about politics. Lorem ipsum dolor sit amet.,politics,post,2025-02-12,,,Author_8,['tag_2']
76,Sample video about technology #76,This is a video about technology. Lorem ipsum dolor sit amet.,technology,video,2024-12-31,15,,Author_7,['tag_18']
77,Sample video about entertainment #77,This is a video about entertainment. Lorem ipsum dolor sit amet.,entertainment,video,2025-01-20,48,,Author_43,"['tag_18', 'tag_14', 'tag_19']"
78,Sample video about entertainment #78,This is a video about entertainment. Lorem ipsum dolor sit amet.,entertainment,video,2024-10-09,13,,Author_32,"['tag_14', 'tag_9', 'tag_2']"
79,Sample article about health #79,This is a article about health. Lorem ipsum dolor sit amet.,health,article,2025-01-25,,3742,Author_16,"['tag_4', 'tag_12']"
80,Sample article about health #80,This is a article about health. Lorem ipsum dolor sit amet.,health,article,2025-02-18,,2360,Author_13,['tag_15']
81,Sample post about sports #81,This is a post about sports. Lorem ipsum dolor sit amet.,sports,post,2025-05-24,,,Author_42,"['tag_20', 'tag_1', 'tag_2']"
82,Sample article about health #82,This is a article about health. Lorem ipsum dolor sit amet.,health,article,2025-07-07,,4725,Author_14,['tag_18']
83,Sample post about science #83,This is a post about science. Lorem ipsum dolor sit amet.,science,post,2025-05-22,,,Author_15,"['tag_5', 'tag_20']"
84,Sample video about technology #84,This is a video about technology. Lorem ipsum dolor sit amet.,technology,video,2025-06-27,17,,Author_35,"['tag_6', 'tag_4']"
85,Sample article about technology #85,This is a article about technology. Lorem ipsum dolor sit amet.,technology,article,2025-09-02,,3034,Author_16,"['tag_11', 'tag_1', 'tag_6']"
86,Sample article about politics #86,This is a article about politics. Lorem ipsum dolor sit amet.,politics,article,2025-07-07,,3548,Author_34,['tag_3']
87,Sample video about food #87,This is a video about food. Lorem ipsum dolor sit amet.,food,video,2025-03-08,66,,Author_38,['tag_15']
88,Sample post about science #88,This is a post about science. Lorem ipsum dolor sit amet.,science,post,2025-08-18,,,Author_47,"['tag_17', 'tag_10', 'tag_15']"
89,Sample article about technology #89,This is a article about technology. Lorem ipsum dolor sit amet.,technology,article,2025-01-07,,3390,Author_28,"['tag_4', 'tag_16', 'tag_15']"
90,Sample article about sports #90,This is a article about sports. Lorem ipsum dolor sit amet.,sports,article,2025-03-29,,1315,Author_5,['tag_9']
91,Sample video about health #91,This is a video about health. Lorem ipsum dolor sit amet.,health,video,2024-11-08,68,,Author_19,"['tag_17', 'tag_20']"
92,Sample article about travel #92,This is a article about travel. Lorem ipsum dolor sit amet.,travel,article,2024-09-15,,1037,Author_42,"['tag_18', 'tag_7', 'tag_14']"
93,Sample article about food #93,This is a article about food. Lorem ipsum dolor sit amet.,food,article,2025-02-10,,2876,Author_30,"['tag_14', 'tag_4']"
94,Sample video about health #94,This is a video about health. Lorem ipsum dolor sit amet.,health,video,2025-04-02,86,,Author_17,"['tag_5', 'tag_16']"
95,Sample article about sports #95,This is a article about sports. Lorem ipsum dolor sit amet.,sports,article,2025-07-28,,863,Author_28,['tag_12']
96,Sample post about entertainment #96,This is a post about entertainment. Lorem ipsum dolor sit amet.,entertainment,post,2025-08-10,,,Author_38,"['tag_18', 'tag_11', 'tag_4']"
97,Sample video about travel #97,This is a video about travel. Lorem ipsum dolor sit amet.,travel,video,2024-10-04,97,,Author_28,"['tag_2', 'tag_10', 'tag_20']"
98,Sample video about politics #98,This is a video about politics. Lorem ipsum dolor sit amet.,politics,video,2025-07-18,74,,Author_33,['tag_5']
99,Sample article about food #99,This is a article about food. Lorem ipsum dolor sit amet.,food,article,2025-07-16,,2968,Author_36,"['tag_4', 'tag_9']"
100,Sample video about science #100,This is a video about science. Lorem ipsum dolor sit amet.,science,video,2024-11-26,99,,Author_40,"['tag_18', 'tag_1', 'tag_20']"
101,Sample article about politics #101,This is a article about politics. Lorem ipsum dolor sit amet.,politics,article,2025-06-09,,2338,Author_45,"['tag_11', 'tag_12']"
102,Sample article about technology #102,This is a article about technology. Lorem ipsum dolor sit amet.,technology,article,2025-06-28,,4739,Author_43,"['tag_3', 'tag_5']"
103,Sample article about technology #103,This is a article about technology. Lorem ipsum dolor sit amet.,technology,article,2024-12-12,,1862,Author_25,"['tag_15', 'tag_11']"
104,Sample video about entertainment #104,This is a video about entertainment. Lorem ipsum dolor sit amet.,entertainment,video,2025-04-03,93,,Author_21,"['tag_20', 'tag_3', 'tag_2']"
105,Sample article about entertainment #105,This is a article about entertainment. Lorem ipsum dolor sit amet.,entertainment,article,2024-10-28,,507,Author_44,['tag_9']
106,Sample post about food #106,This is a post about food. Lorem ipsum dolor sit amet.,food,post,2025-02-04,,,Author_32,"['tag_15', 'tag_14', 'tag_9']"
107,Sample post about science #107,This is a post about science. Lorem ipsum dolor sit amet.,science,post,2025-07-13,,,Author_23,"['tag_4', 'tag_10']"
108,Sample post about food #108,This is a post about food. Lorem ipsum dolor sit amet.,food,post,2024-10-03,,,Author_20,['tag_8']
109,Sample post about travel #109,This is a post about travel. Lorem ipsum dolor sit amet.,travel,post,2025-08-12,,,Author_1,['tag_10']
110,Sample article about science #110,This is a article about science. Lorem ipsum dolor sit amet.,science,article,2025-05-02,,2471,Author_21,['tag_1']
111,Sample post about food #111,This is a post about food. Lorem ipsum dolor sit amet.,food,post,2025-02-01,,,Author_12,['tag_13']
112,Sample post about science #112,This is a post about science. Lorem ipsum dolor sit amet.,science,post,2024-11-27,,,Author_43,"['tag_3', 'tag_13']"
113,Sample video about technology #113,This is a video about technology. Lorem ipsum dolor sit amet.,technology,video,2025-08-31,59,,Author_5,"['tag_19', 'tag_14']"
114,Sample post about travel #114,This is a post about travel. Lorem ipsum dolor sit amet.,travel,post,2024-10-17,,,Author_27,"['tag_4', 'tag_13']"
115,Sample video about technology #115,This is a video about technology. Lorem ipsum dolor sit amet.,technology,video,2025-06-14,103,,Author_40,"['tag_12', 'tag_3']"
116,Sample article about travel #116,This is a article about travel. Lorem ipsum dolor sit amet.,travel,article,2025-05-08,,3669,Author_38,"['tag_17', 'tag_3']"
117,Sample video about travel #117,This is a video about travel. Lorem ipsum dolor sit amet.,travel,video,2025-03-20,29,,Author_22,['tag_3']
118,Sample post about sports #118,This is a post about sports. Lorem ipsum dolor sit amet.,sports,post,2024-12-22,,,Author_13,"['tag_12', 'tag_5']"
119,Sample article about science #119,This is a article about science. Lorem ipsum dolor sit amet.,science,article,2025-06-27,,2196,Author_13,['tag_20']
120,Sample post about entertainment #120,This is a post about entertainment. Lorem ipsum dolor sit amet.,entertainment,post,2025-08-02,,,Author_12,"['tag_16', 'tag_15', 'tag_19']"
121,Sample post about food #121,This is a post about food. Lorem ipsum dolor sit amet.,food,post,2024-11-24,,,Author_42,"['tag_20', 'tag_11', 'tag_11']"
122,Sample video about entertainment #122,This is a video about entertainment. Lorem ipsum dolor sit amet.,entertainment,video,2025-08-06,61,,Author_29,"['tag_10', 'tag_9', 'tag_19']"
123,Sample video about technology #123,This is a video about technology. Lorem ipsum dolor sit amet.,technology,video,2024-12-24,10,,Author_20,"['tag_15', 'tag_2']"
124,Sample video about technology #124,This is a video about technology. Lorem ipsum dolor sit amet.,technology,video,2025-04-16,10,,Author_42,['tag_20']
125,Sample video about travel #125,This is a video about travel. Lorem ipsum dolor sit amet.,travel,video,2024-11-16,71,,Author_48,['tag_15']
126,Sample video about science #126,This is a video about science. Lorem ipsum dolor sit amet.,science,video,2024-11-04,61,,Author_33,['tag_2']
127,Sample article about food #127,This is a article about food. Lorem ipsum dolor sit amet.,food,article,2025-03-18,,790,Author_33,"['tag_6', 'tag_2', 'tag_8']"
128,Sample video about food #128,This is a video about food. Lorem ipsum dolor sit amet.,food,video,2024-12-15,67,,Author_40,['tag_12']
129,Sample video about health #129,This is a video about health. Lorem ipsum dolor sit amet.,health,video,2025-02-23,53,,Author_50,"['tag_20', 'tag_2']"
130,Sample article about health #130,This is a article about health. Lorem ipsum dolor sit amet.,health,article,2025-03-25,,874,Author_36,"['tag_13', 'tag_10', 'tag_9']"
131,Sample video about entertainment #131,This is a video about entertainment. Lorem ipsum dolor sit amet.,entertainment,video,2025-07-30,75,,Author_43,['tag_12']
132,Sample post about politics #132,This is a post about politics. Lorem ipsum dolor sit amet.,politics,post,2024-09-17,,,Author_43,"['tag_5', 'tag_20']"
133,Sample video about sports #133,This is a video about sports. Lorem ipsum dolor sit amet.,sports,video,2024-11-27,49,,Author_42,"['tag_5', 'tag_17']"
134,Sample post about sports #134,This is a post about sports. Lorem ipsum dolor sit amet.,sports,post,2024-10-01,,,Author_28,"['tag_12', 'tag_1', 'tag_12']"
135,Sample article about politics #135,This is a article about politics. Lorem ipsum dolor sit amet.,politics,article,2025-05-23,,2899,Author_50,"['tag_7', 'tag_8']"
136,Sample article about entertainment #136,This is a article about entertainment. Lorem ipsum dolor sit amet.,entertainment,article,2025-08-01,,2523,Author_7,"['tag_18', 'tag_17', 'tag_2']"
137,Sample post about health #137,This is a post about health. Lorem ipsum dolor sit amet.,health,post,2025-07-04,,,Author_39,"['tag_5', 'tag_6']"
138,Sample post about entertainment #138,This is a post about entertainment. Lorem ipsum dolor sit amet.,entertainment,post,2024-10-25,,,Author_11,"['tag_15', 'tag_2', 'tag_14']"
139,Sample post about health #139,This is a post about health. Lorem ipsum dolor sit amet.,health,post,2025-05-11,,,Author_29,"['tag_10', 'tag_15', 'tag_8']"
140,Sample video about science #140,This is a video about science. Lorem ipsum dolor sit amet.,science,video,2025-01-12,116,,Author_13,"['tag_19', 'tag_15']"
141,Sample video about food #141,This is a video about food. Lorem ipsum dolor sit amet.,food,video,2025-02-26,65,,Author_34,"['tag_6', 'tag_7']"
142,Sample video about entertainment #142,This is a video about entertainment. Lorem ipsum dolor sit amet.,entertainment,video,2025-08-14,83,,Author_31,"['tag_18', 'tag_4']"
143,Sample video about sports #143,This is a video about sports. Lorem ipsum dolor sit amet.,sports,video,2025-07-29,98,,Author_11,"['tag_15', 'tag_17']"
144,Sample video about entertainment #144,This is a video about entertainment. Lorem ipsum dolor sit amet.,entertainment,video,2025-07-25,117,,Author_15,"['tag_12', 'tag_1']"
145,Sample article about travel #145,This is a article about travel. Lorem ipsum dolor sit amet.,travel,article,2025-02-19,,4212,Author_24,['tag_13']
146,Sample video about sports #146,This is a video about sports. Lorem ipsum dolor sit amet.,sports,video,2025-05-18,4,,Author_21,['tag_11']
147,Sample article about entertainment #147,This is a article about entertainment. Lorem ipsum dolor sit amet.,entertainment,article,2025-08-21,,2450,Author_31,"['tag_5', 'tag_16', 'tag_15']"
148,Sample article about technology #148,This is a article about technology. Lorem ipsum dolor sit amet.,technology,article,2025-08-31,,2196,Author_14,['tag_18']
149,Sample article about travel #149,This is a article about travel. Lorem ipsum dolor sit amet.,travel,article,2025-04-15,,2046,Author_20,['tag_2']
150,Sample video about science #150,This is a video about science. Lorem ipsum dolor sit amet.,science,video,2024-10-17,102,,Author_40,"['tag_3', 'tag_4']"
151,Sample post about food #151,This is a post about food. Lorem ipsum dolor sit amet.,food,post,2024-12-09,,,Author_2,"['tag_17', 'tag_19', 'tag_8']"
152,Sample video about entertainment #152,This is a video about entertainment. Lorem ipsum dolor sit amet.,entertainment,video,2025-02-02,1,,Author_40,"['tag_8', 'tag_19']"
153,Sample article about travel #153,This is a article about travel. Lorem ipsum dolor sit amet.,travel,article,2024-10-04,,801,Author_34,"['tag_3', 'tag_17']"
154,Sample video about technology #154,This is a video about technology. Lorem ipsum dolor sit amet.,technology,video,2025-01-12,6,,Author_41,"['tag_12', 'tag_9']"
155,Sample video about technology #155,This is a video about technology. Lorem ipsum dolor sit amet.,technology,video,2025-08-06,45,,Author_16,"['tag_4', 'tag_19', 'tag_11']"
156,Sample article about entertainment #156,This is a article about entertainment. Lorem ipsum dolor sit amet.,entertainment,article,2025-03-13,,4572,Author_22,"['tag_6', 'tag_15', 'tag_16']"
157,Sample article about entertainment #157,This is a article about entertainment. Lorem ipsum dolor sit amet.,entertainment,article,2025-08-08,,3849,Author_3,"['tag_7', 'tag_2']"
158,Sample article about science #158,This is a article about science. Lorem ipsum dolor sit amet.,science,article,2025-04-01,,2640,Author_33,"['tag_18', 'tag_16']"
159,Sample article about politics #159,This is a article about politics. Lorem ipsum dolor sit amet.,politics,article,2024-10-13,,1665,Author_19,"['tag_2', 'tag_11']"
160,Sample article about politics #160,This is a article about politics. Lorem ipsum dolor sit amet.,politics,article,2025-03-05,,3679,Author_26,"['tag_15', 'tag_13', 'tag_11']"
161,Sample video about entertainment #161,This is a video about entertainment. Lorem ipsum dolor sit amet.,entertainment,video,2024-09-20,64,,Author_24,"['tag_9', 'tag_3', 'tag_14']"
162,Sample video about sports #162,This is a video about sports. Lorem ipsum dolor sit amet.,sports,video,2024-11-05,106,,Author_12,"['tag_10', 'tag_11', 'tag_4']"
163,Sample video about sports #163,This is a video about sports. Lorem ipsum dolor sit amet.,sports,video,2024-10-06,38,,Author_20,"['tag_20', 'tag_14']"
164,Sample post about entertainment #164,This is a post about entertainment. Lorem ipsum dolor sit amet.,entertainment,post,2025-01-25,,,Author_23,"['tag_2', 'tag_12']"
165,Sample video about travel #165,This is a video about travel. Lorem ipsum dolor sit amet.,travel,video,2024-10-17,102,,Author_4,['tag_13']
166,Sample post about health #166,This is a post about health. Lorem ipsum dolor sit amet.,health,post,2024-09-27,,,Author_11,['tag_5']
167,Sample article about food #167,This is a article about food. Lorem ipsum dolor sit amet.,food,article,2025-07-07,,650,Author_16,"['tag_12', 'tag_12', 'tag_13']"
168,Sample post about technology #168,This is a post about technology. Lorem ipsum dolor sit amet.,technology,post,2025-06-23,,,Author_44,"['tag_12', 'tag_12']"
169,Sample article about food #169,This is a article about food. Lorem ipsum dolor sit amet.,food,article,2024-11-20,,1227,Author_34,"['tag_13', 'tag_11']"
170,Sample article about politics #170,This is a article about politics. Lorem ipsum dolor sit amet.,politics,article,2025-07-13,,312,Author_48,['tag_16']
171,Sample post about travel #171,This is a post about travel. Lorem ipsum dolor sit amet.,travel,post,2025-07-11,,,Author_17,"['tag_15', 'tag_7']"
172,Sample post about politics #172,This is a post about politics. Lorem ipsum dolor sit amet.,politics,post,2025-01-01,,,Author_13,['tag_5']
173,Sample video about sports #173,This is a video about sports. Lorem ipsum dolor sit amet.,sports,video,2025-06-13,116,,Author_46,"['tag_3', 'tag_11']"
174,Sample post about health #174,This is a post about health. Lorem ipsum dolor sit amet.,health,post,2025-08-07,,,Author_36,"['tag_10', 'tag_10', 'tag_6']"
175,Sample video about entertainment #175,This is a video about entertainment. Lorem ipsum dolor sit amet.,entertainment,video,2024-12-23,29,,Author_8,['tag_5']
176,Sample video about science #176,This is a video about science. Lorem ipsum dolor sit amet.,science,video,2025-08-27,47,,Author_36,"['tag_12', 'tag_15', 'tag_18']"
177,Sample post about entertainment #177,This is a post about entertainment. Lorem ipsum dolor sit amet.,entertainment,post,2025-07-27,,,Author_5,"['tag_13', 'tag_16']"
178,Sample video about travel #178,This is a video about travel. Lorem ipsum dolor sit amet.,travel,video,2024-11-19,10,,Author_9,"['tag_3', 'tag_15']"
179,Sample post about food #179,This is a post about food. Lorem ipsum dolor sit amet.,food,post,2024-12-19,,,Author_23,['tag_18']
180,Sample article about entertainment #180,This is a article about entertainment. Lorem ipsum dolor sit amet.,entertainment,article,2025-01-31,,4219,Author_4,['tag_17']
181,Sample video about entertainment #181,This is a video about entertainment. Lorem ipsum dolor sit amet.,entertainment,video,2025-06-17,21,,Author_21,"['tag_8', 'tag_12', 'tag_17']"
182,Sample article about politics #182,This is a article about politics. Lorem ipsum dolor sit amet.,politics,article,2025-05-04,,1708,Author_41,"['tag_9', 'tag_5', 'tag_10']"
183,Sample post about sports #183,This is a post about sports. Lorem ipsum dolor sit amet.,sports,post,2024-10-16,,,Author_11,"['tag_19', 'tag_5', 'tag_6']"
184,Sample post about health #184,This is a post about health. Lorem ipsum dolor sit amet.,health,post,2025-08-19,,,Author_2,['tag_2']
185,Sample post about politics #185,This is a post about politics. Lorem ipsum dolor sit amet.,politics,post,2025-05-25,,,Author_50,"['tag_14', 'tag_20', 'tag_1']"
186,Sample post about food #186,This is a post about food. Lorem ipsum dolor sit amet.,food,post,2024-12-04,,,Author_19,"['tag_10', 'tag_16', 'tag_8']"
187,Sample video about travel #187,This is a video about travel. Lorem ipsum dolor sit amet.,travel,video,2025-01-20,10,,Author_45,['tag_6']
188,Sample video about food #188,This is a video about food. Lorem ipsum dolor sit amet.,food,video,2025-01-05,60,,Author_14,"['tag_20', 'tag_5']"
189,Sample post about health #189,This is a post about health. Lorem ipsum dolor sit amet.,health,post,2025-03-30,,,Author_47,"['tag_13', 'tag_5']"
190,Sample post about health #190,This is a post about health. Lorem ipsum dolor sit amet.,health,post,2024-11-26,,,Author_7,"['tag_8', 'tag_15']"
191,Sample video about sports #191,This is a video about sports. Lorem ipsum dolor sit amet.,sports,video,2025-01-22,32,,Author_10,['tag_2']
192,Sample video about politics #192,This is a video about politics. Lorem ipsum dolor sit amet.,politics,video,2024-10-29,54,,Author_16,['tag_11']
193,Sample article about health #193,This is a article about health. Lorem ipsum dolor sit amet.,health,article,2025-06-20,,4181,Author_33,"['tag_16', 'tag_10']"
194,Sample article about food #194,This is a article about food. Lorem ipsum dolor sit amet.,food,article,2025-07-25,,3321,Author_33,"['tag_8', 'tag_7']"
195,Sample article about health #195,This is a article about health. Lorem ipsum dolor sit amet.,health,article,2025-08-15,,2404,Author_32,"['tag_16', 'tag_10', 'tag_18']"
196,Sample article about technology #196,This is a article about technology. Lorem ipsum dolor sit amet.,technology,article,2025-02-01,,1197,Author_17,"['tag_12', 'tag_13', 'tag_12']"
197,Sample video about technology #197,This is a video about technology. Lorem ipsum dolor sit amet.,technology,video,2025-08-14,73,,Author_36,['tag_12']
198,Sample article about politics #198,This is a article about politics. Lorem ipsum dolor sit amet.,politics,article,2025-02-24,,4230,Author_29,"['tag_9', 'tag_20', 'tag_20']"
199,Sample article about sports #199,This is a article about sports. Lorem ipsum dolor sit amet.,sports,article,2025-07-22,,3326,Author_24,"['tag_18', 'tag_12']"
200,Sample article about entertainment #200,This is a article about entertainment. Lorem ipsum dolor sit amet.,entertainment,article,2024-11-05,,4270,Author_26,"['tag_2', 'tag_2', 'tag_2']"
201,Sample post about entertainment #201,This is a post about entertainment. Lorem ipsum dolor sit amet.,entertainment,post,2025-03-23,,,Author_31,"['tag_15', 'tag_5', 'tag_20']"
202,Sample video about entertainment #202,This is a video about entertainment. Lorem ipsum dolor sit amet.,entertainment,video,2024-10-31,41,,Author_11,"['tag_20', 'tag_10']"
203,Sample post about health #203,This is a post about health. Lorem ipsum dolor sit amet.,health,post,2024-12-23,,,Author_35,"['tag_19', 'tag_10']"
204,Sample article about food #204,This is a article about food. Lorem ipsum dolor sit amet.,food,article,2025-03-05,,2813,Author_44,['tag_14']
205,Sample post about politics #205,This is a post about politics. Lorem ipsum dolor sit amet.,politics,post,2024-09-22,,,Author_41,['tag_20']
206,Sample video about food #206,This is a video about food. Lorem ipsum dolor sit amet.,food,video,2024-10-09,101,,Author_50,"['tag_19', 'tag_8', 'tag_2']"
207,Sample article about food #207,This is a article about food. Lorem ipsum dolor sit amet.,food,article,2024-12-15,,3214,Author_10,"['tag_8', 'tag_2', 'tag_19']"
208,Sample article about sports #208,This is a article about sports. Lorem ipsum dolor sit amet.,sports,article,2025-08-31,,3712,Author_21,"['tag_5', 'tag_14']"
209,Sample video about science #209,This is a video about science. Lorem ipsum dolor sit amet.,science,video,2024-12-27,100,,Author_40,"['tag_2', 'tag_5']"
210,Sample post about science #210,This is a post about science. Lorem ipsum dolor sit amet.,science,post,2025-03-27,,,Author_43,"['tag_17', 'tag_13']"
211,Sample article about health #211,This is a article about health. Lorem ipsum dolor sit amet.,health,article,2025-01-17,,4467,Author_22,"['tag_12', 'tag_9', 'tag_20']"
212,Sample article about food #212,This is a article about food. Lorem ipsum dolor sit amet.,food,article,2025-05-06,,2385,Author_36,"['tag_8', 'tag_10']"
213,Sample post about politics #213,This is a post about politics. Lorem ipsum dolor sit amet.,politics,post,2025-05-26,,,Author_45,"['tag_16', 'tag_11', 'tag_16']"
214,Sample post about health #214,This is a post about health. Lorem ipsum dolor sit amet.,health,post,2025-04-22,,,Author_19,['tag_19']
215,Sample video about travel #215,This is a video about travel. Lorem ipsum dolor sit amet.,travel,video,2025-03-17,99,,Author_10,"['tag_2', 'tag_10']"
216,Sample video about sports #216,This is a video about sports. Lorem ipsum dolor sit amet.,sports,video,2025-01-26,84,,Author_17,"['tag_16', 'tag_7', 'tag_7']"
217,Sample post about politics #217,This is a post about politics. Lorem ipsum dolor sit amet.,politics,post,2024-09-18,,,Author_18,['tag_4']
218,Sample article about science #218,This is a article about science. Lorem ipsum dolor sit amet.,science,article,2025-08-15,,4450,Author_15,"['tag_8', 'tag_2', 'tag_4']"
219,Sample video about travel #219,This is a video about travel. Lorem ipsum dolor sit amet.,travel,video,2025-01-11,13,,Author_44,['tag_1']
220,Sample video about entertainment #220,This is a video about entertainment. Lorem ipsum dolor sit amet.,entertainment,video,2024-10-10,120,,Author_31,"['tag_7', 'tag_10']"
221,Sample video about health #221,This is a video about health. Lorem ipsum dolor sit amet.,health,video,2024-10-14,8,,Author_50,['tag_19']
222,Sample post about science #222,This is a post about science. Lorem ipsum dolor sit amet.,science,post,2025-08-21,,,Author_12,"['tag_6', 'tag_2']"
223,Sample video about travel #223,This is a video about travel. Lorem ipsum dolor sit amet.,travel,video,2025-06-06,120,,Author_48,"['tag_2', 'tag_1']"
224,Sample post about politics #224,This is a post about politics. Lorem ipsum dolor sit amet.,politics,post,2024-11-05,,,Author_7,"['tag_10', 'tag_15']"
225,Sample article about food #225,This is a article about food. Lorem ipsum dolor sit amet.,food,article,2024-12-25,,3934,Author_18,['tag_4']
226,Sample article about health #226,This is a article about health. Lorem ipsum dolor sit amet.,health,article,2025-01-18,,2207,Author_46,['tag_1']
227,Sample video about health #227,This is a video about health. Lorem ipsum dolor sit amet.,health,video,2024-11-23,87,,Author_49,['tag_6']
228,Sample video about travel #228,This is a video about travel. Lorem ipsum dolor sit amet.,travel,video,2024-12-20,42,,Author_6,"['tag_4', 'tag_6']"
229,Sample video about entertainment #229,This is a video about entertainment. Lorem ipsum dolor sit amet.,entertainment,video,2025-03-28,120,,Author_16,['tag_9']
230,Sample article about travel #230,This is a article about travel. Lorem ipsum dolor sit amet.,travel,article,2025-01-24,,2287,Author_22,"['tag_19', 'tag_19']"
231,Sample video about technology #231,This is a video about technology. Lorem ipsum dolor sit amet.,technology,video,2024-10-10,47,,Author_45,['tag_2']
232,Sample video about sports #232,This is a video about sports. Lorem ipsum dolor sit amet.,sports,video,2025-04-05,21,,Author_26,"['tag_17', 'tag_10', 'tag_4']"
233,Sample video about politics #233,This is a video about politics. Lorem ipsum dolor sit amet.,politics,video,2024-10-30,29,,Author_15,['tag_16']
234,Sample video about entertainment #234,This is a video about entertainment. Lorem ipsum dolor sit amet.,entertainment,video,2024-11-03,48,,Author_27,"['tag_18', 'tag_16', 'tag_18']"
235,Sample article about science #235,This is a article about science. Lorem ipsum dolor sit amet.,science,article,2024-09-26,,4980,Author_6,"['tag_15', 'tag_17', 'tag_12']"
236,Sample post about sports #236,This is a post about sports. Lorem ipsum dolor sit amet.,sports,post,2025-07-14,,,Author_4,"['tag_17', 'tag_7', 'tag_19']"
237,Sample article about entertainment #237,This is a article about entertainment. Lorem ipsum dolor sit amet.,entertainment,article,2025-03-26,,4362,Author_29,['tag_7']
238,Sample article about food #238,This is a article about food. Lorem ipsum dolor sit amet.,food,article,2024-12-22,,3749,Author_4,"['tag_5', 'tag_17']"
239,Sample video about travel #239,This is a video about travel. Lorem ipsum dolor sit amet.,travel,video,2024-11-25,8,,Author_36,"['tag_10', 'tag_1']"
240,Sample video about travel #240,This is a video about travel. Lorem ipsum dolor sit amet.,travel,video,2025-09-08,96,,Author_14,"['tag_3', 'tag_2', 'tag_14']"
241,Sample post about health #241,This is a post about health. Lorem ipsum dolor sit amet.,health,post,2025-08-08,,,Author_35,['tag_3']
242,Sample article about food #242,This is a article about food. Lorem ipsum dolor sit amet.,food,article,2025-04-16,,3449,Author_12,['tag_14']
243,Sample video about health #243,This is a video about health. Lorem ipsum dolor sit amet.,health,video,2025-01-23,112,,Author_25,"['tag_3', 'tag_18']"
244,Sample post about entertainment #244,This is a post about entertainment. Lorem ipsum dolor sit amet.,entertainment,post,2025-03-15,,,Author_8,['tag_18']
245,Sample post about travel #245,This is a post about travel. Lorem ipsum dolor sit amet.,travel,post,2025-07-06,,,Author_47,['tag_1']
246,Sample video about technology #246,This is a video about technology. Lorem ipsum dolor sit amet.,technology,video,2025-01-15,87,,Author_47,"['tag_14', 'tag_18', 'tag_13']"
247,Sample article about science #247,This is a article about science. Lorem ipsum dolor sit amet.,science,article,2025-01-17,,2935,Author_10,"['tag_7', 'tag_4']"
248,Sample post about technology #248,This is a post about technology. Lorem ipsum dolor sit amet.,technology,post,2025-02-07,,,Author_40,['tag_8']
249,Sample article about science #249,This is a article about science. Lorem ipsum dolor sit amet.,science,article,2025-07-20,,4965,Author_3,"['tag_20', 'tag_2']"
250,Sample post about science #250,This is a post about science. Lorem ipsum dolor sit amet.,science,post,2025-08-18,,,Author_26,"['tag_8', 'tag_18']"
251,Sample article about science #251,This is a article about science. Lorem ipsum dolor sit amet.,science,article,2025-06-30,,4227,Author_19,['tag_19']
252,Sample post about health #252,This is a post about health. Lorem ipsum dolor sit amet.,health,post,2024-11-07,,,Author_50,"['tag_11', 'tag_8', 'tag_10']"
253,Sample post about entertainment #253,This is a post about entertainment. Lorem ipsum dolor sit amet.,entertainment,post,2024-12-17,,,Author_15,"['tag_10', 'tag_9']"
254,Sample post about technology #254,This is a post about technology. Lorem ipsum dolor sit amet.,technology,post,2024-11-11,,,Author_48,['tag_14']
255,Sample article about food #255,This is a article about food. Lorem ipsum dolor sit amet.,food,article,2025-03-17,,3222,Author_34,"['tag_14', 'tag_14']"
256,Sample video about entertainment #256,This is a video about entertainment. Lorem ipsum dolor sit amet.,entertainment,video,2025-03-01,24,,Author_49,"['tag_16', 'tag_8', 'tag_8']"
257,Sample post about politics #257,This is a post about politics. Lorem ipsum dolor sit amet.,politics,post,2025-06-28,,,Author_30,['tag_18']
258,Sample video about travel #258,This is a video about travel. Lorem ipsum dolor sit amet.,travel,video,2024-11-28,68,,Author_9,"['tag_8', 'tag_9']"
259,Sample video about science #259,This is a video about science. Lorem ipsum dolor sit amet.,science,video,2024-10-13,11,,Author_29,"['tag_3', 'tag_18']"
260,Sample article about science #260,This is a article about science. Lorem ipsum dolor sit amet.,science,article,2025-04-25,,3189,Author_44,"['tag_20', 'tag_2', 'tag_3']"
261,Sample post about science #261,This is a post about science. Lorem ipsum dolor sit amet.,science,post,2024-10-01,,,Author_36,['tag_16']
262,Sample video about science #262,This is a video about science. Lorem ipsum dolor sit amet.,science,video,2025-04-07,117,,Author_1,['tag_7']
263,Sample post about sports #263,This is a post about sports. Lorem ipsum dolor sit amet.,sports,post,2025-01-07,,,Author_16,"['tag_20', 'tag_7', 'tag_13']"
264,Sample post about science #264,This is a post about science. Lorem ipsum dolor sit amet.,science,post,2025-03-29,,,Author_50,"['tag_13', 'tag_15']"
265,Sample video about health #265,This is a video about health. Lorem ipsum dolor sit amet.,health,video,2025-04-29,47,,Author_33,"['tag_15', 'tag_4']"
266,Sample video about food #266,This is a video about food. Lorem ipsum dolor sit amet.,food,video,2025-05-28,48,,Author_21,"['tag_2', 'tag_19']"
267,Sample post about science #267,This is a post about science. Lorem ipsum dolor sit amet.,science,post,2025-06-27,,,Author_2,"['tag_18', 'tag_19']"
268,Sample video about travel #268,This is a video about travel. Lorem ipsum dolor sit amet.,travel,video,2025-06-23,26,,Author_22,['tag_13']
269,Sample video about science #269,This is a video about science. Lorem ipsum dolor sit amet.,science,video,2024-12-02,84,,Author_44,"['tag_9', 'tag_16']"
270,Sample video about food #270,This is a video about food. Lorem ipsum dolor sit amet.,food,video,2025-06-15,94,,Author_23,['tag_5']
271,Sample article about food #271,This is a article about food. Lorem ipsum dolor sit amet.,food,article,2024-12-06,,581,Author_34,['tag_3']
272,Sample article about technology #272,This is a article about technology. Lorem ipsum dolor sit amet.,technology,article,2025-02-10,,1226,Author_41,['tag_3']
273,Sample article about entertainment #273,This is a article about entertainment. Lorem ipsum dolor sit amet.,entertainment,article,2025-05-21,,4242,Author_30,"['tag_2', 'tag_20']"
274,Sample post about food #274,This is a post about food. Lorem ipsum dolor sit amet.,food,post,2025-01-03,,,Author_2,['tag_18']
275,Sample article about travel #275,This is a article about travel. Lorem ipsum dolor sit amet.,travel,article,2025-09-01,,4436,Author_47,"['tag_18', 'tag_10']"
276,Sample post about technology #276,This is a post about technology. Lorem ipsum dolor sit amet.,technology,post,2024-09-17,,,Author_44,"['tag_6', 'tag_4']"
277,Sample post about sports #277,This is a post about sports. Lorem ipsum dolor sit amet.,sports,post,2025-06-25,,,Author_16,['tag_20']
278,Sample video about politics #278,This is a video about politics. Lorem ipsum dolor sit amet.,politics,video,2025-04-26,102,,Author_26,['tag_12']
279,Sample video about travel #279,This is a video about travel. Lorem ipsum dolor sit amet.,travel,video,2024-11-24,32,,Author_45,['tag_10']
280,Sample post about sports #280,This is a post about sports. Lorem ipsum dolor sit amet.,sports,post,2024-10-12,,,Author_49,['tag_3']
281,Sample video about travel #281,This is a video about travel. Lorem ipsum dolor sit amet.,travel,video,2025-02-28,71,,Author_31,['tag_1']
282,Sample article about entertainment #282,This is a article about entertainment. Lorem ipsum dolor sit amet.,entertainment,article,2024-12-28,,3654,Author_42,"['tag_19', 'tag_4']"
283,Sample article about technology #283,This is a article about technology. Lorem ipsum dolor sit amet.,technology,article,2025-05-24,,4743,Author_31,"['tag_2', 'tag_3']"
284,Sample post about politics #284,This is a post about politics. Lorem ipsum dolor sit amet.,politics,post,2024-11-25,,,Author_43,['tag_6']
285,Sample article about health #285,This is a article about health. Lorem ipsum dolor sit amet.,health,article,2025-05-26,,4908,Author_10,"['tag_13', 'tag_3', 'tag_10']"
286,Sample post about entertainment #286,This is a post about entertainment. Lorem ipsum dolor sit amet.,entertainment,post,2025-05-09,,,Author_37,"['tag_18', 'tag_11']"
287,Sample post about travel #287,This is a post about travel. Lorem ipsum dolor sit amet.,travel,post,2025-06-30,,,Author_45,"['tag_3', 'tag_17', 'tag_12']"
288,Sample article about technology #288,This is a article about technology. Lorem ipsum dolor sit amet.,technology,article,2025-01-29,,2001,Author_5,"['tag_20', 'tag_20']"
289,Sample video about travel #289,This is a video about travel. Lorem ipsum dolor sit amet.,travel,video,2025-08-25,82,,Author_18,"['tag_16', 'tag_8']"
290,Sample post about health #290,This is a post about health. Lorem ipsum dolor sit amet.,health,post,2025-03-01,,,Author_28,['tag_19']
291,Sample article about travel #291,This is a article about travel. Lorem ipsum dolor sit amet.,travel,article,2024-10-28,,2519,Author_16,"['tag_3', 'tag_3', 'tag_9']"
292,Sample video about entertainment #292,This is a video about entertainment. Lorem ipsum dolor sit amet.,entertainment,video,2024-09-10,101,,Author_41,['tag_13']
293,Sample video about health #293,This is a video about health. Lorem ipsum dolor sit amet.,health,video,2025-07-17,12,,Author_1,"['tag_15', 'tag_12']"
294,Sample article about politics #294,This is a article about politics. Lorem ipsum dolor sit amet.,politics,article,2025-07-04,,815,Author_12,"['tag_15', 'tag_18']"
295,Sample article about travel #295,This is a article about travel. Lorem ipsum dolor sit amet.,travel,article,2025-08-27,,834,Author_23,"['tag_3', 'tag_20', 'tag_20']"
296,Sample video about health #296,This is a video about health. Lorem ipsum dolor sit amet.,health,video,2025-09-03,38,,Author_27,"['tag_3', 'tag_18']"
297,Sample post about science #297,This is a post about science. Lorem ipsum dolor sit amet.,science,post,2024-12-17,,,Author_11,"['tag_13', 'tag_6', 'tag_5']"
298,Sample video about politics #298,This is a video about politics. Lorem ipsum dolor sit amet.,politics,video,2025-04-25,64,,Author_10,['tag_6']
299,Sample video about travel #299,This is a video about travel. Lorem ipsum dolor sit amet.,travel,video,2025-02-06,39,,Author_31,['tag_12']
300,Sample article about politics #300,This is a article about politics. Lorem ipsum dolor sit amet.,politics,article,2024-10-24,,4161,Author_39,"['tag_7', 'tag_15', 'tag_4']"
301,Sample video about entertainment #301,This is a video about entertainment. Lorem ipsum dolor sit amet.,entertainment,video,2025-09-06,51,,Author_22,"['tag_13', 'tag_11', 'tag_15']"
302,Sample video about health #302,This is a video about health. Lorem ipsum dolor sit amet.,health,video,2024-10-11,77,,Author_9,"['tag_11', 'tag_20']"
303,Sample video about science #303,This is a video about science. Lorem ipsum dolor sit amet.,science,video,2025-04-02,23,,Author_26,"['tag_10', 'tag_16']"
304,Sample video about science #304,This is a video about science. Lorem ipsum dolor sit amet.,science,video,2025-03-01,36,,Author_26,"['tag_4', 'tag_19']"
305,Sample post about science #305,This is a post about science. Lorem ipsum dolor sit amet.,science,post,2024-12-04,,,Author_12,"['tag_18', 'tag_1', 'tag_15']"
306,Sample video about science #306,This is a video about science. Lorem ipsum dolor sit amet.,science,video,2025-04-13,107,,Author_45,['tag_14']
307,Sample article about food #307,This is a article about food. Lorem ipsum dolor sit amet.,food,article,2024-10-20,,2580,Author_16,"['tag_5', 'tag_14']"
308,Sample article about travel #308,This is a article about travel. Lorem ipsum dolor sit amet.,travel,article,2025-01-23,,4998,Author_31,"['tag_13', 'tag_18', 'tag_17']"
309,Sample post about travel #309,This is a post about travel. Lorem ipsum dolor sit amet.,travel,post,2025-08-22,,,Author_24,"['tag_18', 'tag_20', 'tag_3']"
310,Sample article about sports #310,This is a article about sports. Lorem ipsum dolor sit amet.,sports,article,2024-10-08,,3008,Author_11,"['tag_20', 'tag_2', 'tag_19']"
311,Sample video about travel #311,This is a video about travel. Lorem ipsum dolor sit amet.,travel,video,2025-02-01,14,,Author_1,['tag_9']
312,Sample post about science #312,This is a post about science. Lorem ipsum dolor sit amet.,science,post,2024-12-18,,,Author_36,"['tag_19', 'tag_8', 'tag_15']"
313,Sample video about health #313,This is a video about health. Lorem ipsum dolor sit amet.,health,video,2025-01-15,99,,Author_44,"['tag_17', 'tag_5', 'tag_12']"
314,Sample video about technology #314,This is a video about technology. Lorem ipsum dolor sit amet.,technology,video,2025-07-18,38,,Author_27,['tag_4']
315,Sample video about entertainment #315,This is a video about entertainment. Lorem ipsum dolor sit amet.,entertainment,video,2025-04-03,44,,Author_30,['tag_17']
316,Sample video about food #316,This is a video about food. Lorem ipsum dolor sit amet.,food,video,2025-01-09,13,,Author_29,"['tag_15', 'tag_11', 'tag_3']"
317,Sample article about politics #317,This is a article about politics. Lorem ipsum dolor sit amet.,politics,article,2024-09-11,,1042,Author_2,"['tag_4', 'tag_6']"
318,Sample post about science #318,This is a post about science. Lorem ipsum dolor sit amet.,science,post,2025-06-12,,,Author_36,['tag_11']
319,Sample video about travel #319,This is a video about travel. Lorem ipsum dolor sit amet.,travel,video,2025-05-14,103,,Author_26,"['tag_6', 'tag_6', 'tag_14']"
320,Sample article about travel #320,This is a article about travel. Lorem ipsum dolor sit amet.,travel,article,2024-10-30,,1716,Author_29,"['tag_14', 'tag_13', 'tag_1']"
321,Sample article about science #321,This is a article about science. Lorem ipsum dolor sit amet.,science,article,2025-04-20,,612,Author_37,['tag_18']
322,Sample video about entertainment #322,This is a video about entertainment. Lorem ipsum dolor sit amet.,entertainment,video,2025-03-27,26,,Author_30,['tag_9']
323,Sample post about food #323,This is a post about food. Lorem ipsum dolor sit amet.,food,post,2024-10-17,,,Author_21,"['tag_13', 'tag_20', 'tag_13']"
324,Sample video about sports #324,This is a video about sports. Lorem ipsum dolor sit amet.,sports,video,2025-03-13,109,,Author_30,"['tag_6', 'tag_10', 'tag_20']"
325,Sample post about sports #325,This is a post about sports. Lorem ipsum dolor sit amet.,sports,post,2025-07-03,,,Author_21,['tag_8']
326,Sample article about politics #326,This is a article about politics. Lorem ipsum dolor sit amet.,politics,article,2025-06-08,,3158,Author_45,['tag_17']
327,Sample video about travel #327,This is a video about travel. Lorem ipsum dolor sit amet.,travel,video,2024-11-08,18,,Author_37,"['tag_14', 'tag_6']"
328,Sample post about food #328,This is a post about food. Lorem ipsum dolor sit amet.,food,post,2024-12-08,,,Author_45,"['tag_6', 'tag_18', 'tag_6']"
329,Sample video about food #329,This is a video about food. Lorem ipsum dolor sit amet.,food,video,2025-06-30,24,,Author_21,"['tag_20', 'tag_2']"
330,Sample article about health #330,This is a article about health. Lorem ipsum dolor sit amet.,health,article,2025-01-04,,1218,Author_13,"['tag_18', 'tag_17']"
331,Sample video about food #331,This is a video about food. Lorem ipsum dolor sit amet.,food,video,2024-09-24,63,,Author_27,"['tag_15', 'tag_16', 'tag_6']"
332,Sample post about sports #332,This is a post about sports. Lorem ipsum dolor sit amet.,sports,post,2025-08-25,,,Author_49,['tag_10']
333,Sample video about technology #333,This is a video about technology. Lorem ipsum dolor sit amet.,technology,video,2025-05-17,69,,Author_19,['tag_15']
334,Sample post about food #334,This is a post about food. Lorem ipsum dolor sit amet.,food,post,2024-12-22,,,Author_8,"['tag_4', 'tag_9', 'tag_18']"
335,Sample post about health #335,This is a post about health. Lorem ipsum dolor sit amet.,health,post,2025-08-19,,,Author_49,"['tag_15', 'tag_18', 'tag_7']"
336,Sample article about travel #336,This is a article about travel. Lorem ipsum dolor sit amet.,travel,article,2024-10-10,,2127,Author_20,['tag_15']
337,Sample video about politics #337,This is a video about politics. Lorem ipsum dolor sit amet.,politics,video,2025-07-27,57,,Author_8,['tag_7']
338,Sample post about health #338,This is a post about health. Lorem ipsum dolor sit amet.,health,post,2024-11-01,,,Author_41,"['tag_6', 'tag_20']"
339,Sample article about entertainment #339,This is a article about entertainment. Lorem ipsum dolor sit amet.,entertainment,article,2025-05-27,,586,Author_37,"['tag_18', 'tag_9']"
340,Sample video about entertainment #340,This is a video about entertainment. Lorem ipsum dolor sit amet.,entertainment,video,2024-09-14,38,,Author_19,"['tag_9', 'tag_17', 'tag_4']"
341,Sample video about entertainment #341,This is a video about entertainment. Lorem ipsum dolor sit amet.,entertainment,video,2025-08-10,36,,Author_42,['tag_5']
342,Sample article about science #342,This is a article about science. Lorem ipsum dolor sit amet.,science,article,2024-09-10,,2738,Author_16,"['tag_13', 'tag_16', 'tag_5']"
343,Sample post about politics #343,This is a post about politics. Lorem ipsum dolor sit amet.,politics,post,2025-02-09,,,Author_25,"['tag_3', 'tag_3']"
344,Sample post about travel #344,This is a post about travel. Lorem ipsum dolor sit amet.,travel,post,2025-04-20,,,Author_45,"['tag_15', 'tag_16']"
345,Sample post about health #345,This is a post about health. Lorem ipsum dolor sit amet.,health,post,2025-09-08,,,Author_50,"['tag_3', 'tag_15', 'tag_12']"
346,Sample post about sports #346,This is a post about sports. Lorem ipsum dolor sit amet.,sports,post,2025-02-18,,,Author_14,"['tag_7', 'tag_16']"
347,Sample video about politics #347,This is a video about politics. Lorem ipsum dolor sit amet.,politics,video,2025-04-17,44,,Author_36,"['tag_5', 'tag_19', 'tag_16']"
348,Sample post about health #348,This is a post about health. Lorem ipsum dolor sit amet.,health,post,2025-08-16,,,Author_3,['tag_15']
349,Sample article about technology #349,This is a article about technology. Lorem ipsum dolor sit amet.,technology,article,2025-06-21,,3715,Author_30,['tag_14']
350,Sample post about science #350,This is a post about science. Lorem ipsum dolor sit amet.,science,post,2025-07-04,,,Author_42,"['tag_6', 'tag_9']"
351,Sample post about sports #351,This is a post about sports. Lorem ipsum dolor sit amet.,sports,post,2025-03-09,,,Author_17,['tag_12']
352,Sample article about entertainment #352,This is a article about entertainment. Lorem ipsum dolor sit amet.,entertainment,article,2025-02-19,,2602,Author_47,"['tag_8', 'tag_14', 'tag_3']"
353,Sample article about sports #353,This is a article about sports. Lorem ipsum dolor sit amet.,sports,article,2025-05-23,,4006,Author_5,['tag_19']
354,Sample post about science #354,This is a post about science. Lorem ipsum dolor sit amet.,science,post,2024-09-26,,,Author_29,['tag_1']
355,Sample article about health #355,This is a article about health. Lorem ipsum dolor sit amet.,health,article,2025-02-05,,1182,Author_31,['tag_8']
356,Sample article about travel #356,This is a article about travel. Lorem ipsum dolor sit amet.,travel,article,2025-07-19,,945,Author_21,"['tag_10', 'tag_5']"
357,Sample article about travel #357,This is a article about travel. Lorem ipsum dolor sit amet.,travel,article,2024-10-16,,1270,Author_5,"['tag_19', 'tag_1', 'tag_20']"
358,Sample video about entertainment #358,This is a video about entertainment. Lorem ipsum dolor sit amet.,entertainment,video,2025-03-14,93,,Author_14,"['tag_5', 'tag_14', 'tag_20']"
359,Sample article about food #359,This is a article about food. Lorem ipsum dolor sit amet.,food,article,2025-07-27,,923,Author_9,['tag_19']
360,Sample video about travel #360,This is a video about travel. Lorem ipsum dolor sit amet.,travel,video,2025-02-02,41,,Author_9,['tag_9']
361,Sample article about sports #361,This is a article about sports. Lorem ipsum dolor sit amet.,sports,article,2024-11-30,,2434,Author_50,"['tag_1', 'tag_10', 'tag_7']"
362,Sample post about science #362,This is a post about science. Lorem ipsum dolor sit amet.,science,post,2025-02-21,,,Author_19,"['tag_2', 'tag_8', 'tag_16']"
363,Sample article about travel #363,This is a article about travel. Lorem ipsum dolor sit amet.,travel,article,2025-05-09,,4192,Author_41,"['tag_3', 'tag_17', 'tag_1']"
364,Sample video about health #364,This is a video about health. Lorem ipsum dolor sit amet.,health,video,2025-07-04,50,,Author_37,"['tag_12', 'tag_18']"
365,Sample video about entertainment #365,This is a video about entertainment. Lorem ipsum dolor sit amet.,entertainment,video,2025-08-03,3,,Author_38,['tag_1']
366,Sample article about politics #366,This is a article about politics. Lorem ipsum dolor sit amet.,politics,article,2025-08-20,,595,Author_26,"['tag_10', 'tag_17', 'tag_14']"
367,Sample post about travel #367,This is a post about travel. Lorem ipsum dolor sit amet.,travel,post,2025-02-16,,,Author_6,"['tag_18', 'tag_18', 'tag_20']"
368,Sample video about entertainment #368,This is a video about entertainment. Lorem ipsum dolor sit amet.,entertainment,video,2025-07-29,40,,Author_6,"['tag_7', 'tag_5', 'tag_18']"
369,Sample video about health #369,This is a video about health. Lorem ipsum dolor sit amet.,health,video,2024-11-13,82,,Author_49,"['tag_3', 'tag_10', 'tag_14']"
370,Sample article about science #370,This is a article about science. Lorem ipsum dolor sit amet.,science,article,2025-05-07,,806,Author_28,['tag_15']
371,Sample video about technology #371,This is a video about technology. Lorem ipsum dolor sit amet.,technology,video,2024-10-03,95,,Author_43,"['tag_6', 'tag_4', 'tag_1']"
372,Sample post about entertainment #372,This is a post about entertainment. Lorem ipsum dolor sit amet.,entertainment,post,2025-09-04,,,Author_11,"['tag_12', 'tag_17']"
373,Sample article about politics #373,This is a article about politics. Lorem ipsum dolor sit amet.,politics,article,2025-03-03,,1139,Author_48,"['tag_4', 'tag_1']"
374,Sample video about health #374,This is a video about health. Lorem ipsum dolor sit amet.,health,video,2025-04-23,68,,Author_5,"['tag_19', 'tag_3']"
375,Sample video about food #375,This is a video about food. Lorem ipsum dolor sit amet.,food,video,2024-12-22,47,,Author_4,"['tag_19', 'tag_6']"
376,Sample article about health #376,This is a article about health. Lorem ipsum dolor sit amet.,health,article,2025-05-02,,942,Author_37,"['tag_4', 'tag_8', 'tag_17']"
377,Sample article about technology #377,This is a article about technology. Lorem ipsum dolor sit amet.,technology,article,2025-09-03,,2103,Author_3,"['tag_12', 'tag_13']"
378,Sample article about entertainment #378,This is a article about entertainment. Lorem ipsum dolor sit amet.,entertainment,article,2025-08-22,,4629,Author_46,"['tag_14', 'tag_8', 'tag_11']"
379,Sample video about science #379,This is a video about science. Lorem ipsum dolor sit amet.,science,video,2025-03-30,35,,Author_5,"['tag_12', 'tag_4', 'tag_17']"
380,Sample article about technology #380,This is a article about technology. Lorem ipsum dolor sit amet.,technology,article,2025-05-18,,4325,Author_3,"['tag_3', 'tag_15']"
381,Sample video about politics #381,This is a video about politics. Lorem ipsum dolor sit amet.,politics,video,2025-03-26,12,,Author_36,"['tag_1', 'tag_12']"
382,Sample video about science #382,This is a video about science. Lorem ipsum dolor sit amet.,science,video,2024-11-25,101,,Author_20,"['tag_20', 'tag_8', 'tag_15']"
383,Sample post about health #383,This is a post about health. Lorem ipsum dolor sit amet.,health,post,2024-12-31,,,Author_50,['tag_18']
384,Sample article about science #384,This is a article about science. Lorem ipsum dolor sit amet.,science,article,2025-09-06,,3459,Author_2,['tag_18']
385,Sample post about health #385,This is a post about health. Lorem ipsum dolor sit amet.,health,post,2024-09-19,,,Author_1,"['tag_1', 'tag_13']"
386,Sample article about politics #386,This is a article about politics. Lorem ipsum dolor sit amet.,politics,article,2025-05-27,,4440,Author_16,"['tag_16', 'tag_2']"
387,Sample post about entertainment #387,This is a post about entertainment. Lorem ipsum dolor sit amet.,entertainment,post,2025-04-19,,,Author_6,['tag_8']
388,Sample post about travel #388,This is a post about travel. Lorem ipsum dolor sit amet.,travel,post,2025-03-03,,,Author_30,"['tag_3', 'tag_19', 'tag_4']"
389,Sample post about entertainment #389,This is a post about entertainment. Lorem ipsum dolor sit amet.,entertainment,post,2025-02-20,,,Author_5,"['tag_19', 'tag_2', 'tag_14']"
390,Sample article about entertainment #390,This is a article about entertainment. Lorem ipsum dolor sit amet.,entertainment,article,2025-04-13,,2238,Author_21,"['tag_11', 'tag_11']"
391,Sample video about food #391,This is a video about food. Lorem ipsum dolor sit amet.,food,video,2025-05-13,10,,Author_13,['tag_19']
392,Sample article about sports #392,This is a article about sports. Lorem ipsum dolor sit amet.,sports,article,2025-07-17,,1446,Author_29,"['tag_11', 'tag_14']"
393,Sample post about sports #393,This is a post about sports. Lorem ipsum dolor sit amet.,sports,post,2025-03-10,,,Author_50,['tag_15']
394,Sample video about politics #394,This is a video about politics. Lorem ipsum dolor sit amet.,politics,video,2025-04-27,110,,Author_8,['tag_6']
395,Sample post about politics #395,This is a post about politics. Lorem ipsum dolor sit amet.,politics,post,2024-09-18,,,Author_39,['tag_7']
396,Sample article about health #396,This is a article about health. Lorem ipsum dolor sit amet.,health,article,2025-07-25,,2133,Author_23,"['tag_17', 'tag_2']"
397,Sample video about politics #397,This is a video about politics. Lorem ipsum dolor sit amet.,politics,video,2025-06-12,4,,Author_26,"['tag_18', 'tag_18']"
398,Sample article about science #398,This is a article about science. Lorem ipsum dolor sit amet.,science,article,2025-01-16,,934,Author_9,['tag_1']
399,Sample article about technology #399,This is a article about technology. Lorem ipsum dolor sit amet.,technology,article,2025-07-05,,1723,Author_26,"['tag_3', 'tag_19']"
400,Sample article about politics #400,This is a article about politics. Lorem ipsum dolor sit amet.,politics,article,2025-08-29,,628,Author_13,"['tag_15', 'tag_5', 'tag_3']"
401,Sample article about health #401,This is a article about health. Lorem ipsum dolor sit amet.,health,article,2025-08-19,,3876,Author_4,['tag_19']
402,Sample post about travel #402,This is a post about travel. Lorem ipsum dolor sit amet.,travel,post,2025-02-19,,,Author_32,['tag_13']
403,Sample article about travel #403,This is a article about travel. Lorem ipsum dolor sit amet.,travel,article,2025-03-12,,1858,Author_12,"['tag_9', 'tag_15']"
404,Sample article about entertainment #404,This is a article about entertainment. Lorem ipsum dolor sit amet.,entertainment,article,2024-10-30,,2113,Author_42,"['tag_16', 'tag_14']"
405,Sample article about food #405,This is a article about food. Lorem ipsum dolor sit amet.,food,article,2025-07-27,,2391,Author_25,['tag_14']
406,Sample post about science #406,This is a post about science. Lorem ipsum dolor sit amet.,science,post,2024-12-14,,,Author_16,"['tag_18', 'tag_1', 'tag_13']"
407,Sample video about health #407,This is a video about health. Lorem ipsum dolor sit amet.,health,video,2024-12-05,101,,Author_32,"['tag_19', 'tag_17']"
408,Sample video about health #408,This is a video about health. Lorem ipsum dolor sit amet.,health,video,2025-04-24,24,,Author_2,"['tag_20', 'tag_8']"
409,Sample video about technology #409,This is a video about technology. Lorem ipsum dolor sit amet.,technology,video,2025-08-11,104,,Author_31,"['tag_12', 'tag_19', 'tag_8']"
410,Sample article about entertainment #410,This is a article about entertainment. Lorem ipsum dolor sit amet.,entertainment,article,2025-05-06,,2075,Author_18,"['tag_2', 'tag_8', 'tag_19']"
411,Sample video about travel #411,This is a video about travel. Lorem ipsum dolor sit amet.,travel,video,2025-06-13,23,,Author_16,"['tag_11', 'tag_12', 'tag_19']"
412,Sample post about technology #412,This is a post about technology. Lorem ipsum dolor sit amet.,technology,post,2024-09-16,,,Author_23,"['tag_19', 'tag_5', 'tag_19']"
413,Sample video about science #413,This is a video about science. Lorem ipsum dolor sit amet.,science,video,2024-12-06,40,,Author_12,"['tag_2', 'tag_3']"
414,Sample article about technology #414,This is a article about technology. Lorem ipsum dolor sit amet.,technology,article,2024-11-05,,1892,Author_2,"['tag_16', 'tag_1', 'tag_11']"
415,Sample article about science #415,This is a article about science. Lorem ipsum dolor sit amet.,science,article,2025-03-19,,1553,Author_21,['tag_1']
416,Sample post about entertainment #416,This is a post about entertainment. Lorem ipsum dolor sit amet.,entertainment,post,2024-09-14,,,Author_10,['tag_17']
417,Sample article about health #417,This is a article about health. Lorem ipsum dolor sit amet.,health,article,2025-03-02,,3340,Author_38,['tag_11']
418,Sample video about politics #418,This is a video about politics. Lorem ipsum dolor sit amet.,politics,video,2025-07-02,21,,Author_47,"['tag_16', 'tag_11']"
419,Sample post about entertainment #419,This is a post about entertainment. Lorem ipsum dolor sit amet.,entertainment,post,2024-11-26,,,Author_45,"['tag_12', 'tag_8', 'tag_19']"
420,Sample video about entertainment #420,This is a video about entertainment. Lorem ipsum dolor sit amet.,entertainment,video,2025-04-05,94,,Author_45,"['tag_5', 'tag_6']"
421,Sample post about technology #421,This is a post about technology. Lorem ipsum dolor sit amet.,technology,post,2024-11-20,,,Author_26,"['tag_2', 'tag_6', 'tag_20']"
422,Sample post about health #422,This is a post about health. Lorem ipsum dolor sit amet.,health,post,2025-05-19,,,Author_41,"['tag_4', 'tag_16', 'tag_5']"
423,Sample post about health #423,This is a post about health. Lorem ipsum dolor sit amet.,health,post,2025-08-01,,,Author_16,"['tag_11', 'tag_6']"
424,Sample post about sports #424,This is a post about sports. Lorem ipsum dolor sit amet.,sports,post,2024-10-01,,,Author_41,"['tag_11', 'tag_15', 'tag_1']"
425,Sample article about politics #425,This is a article about politics. Lorem ipsum dolor sit amet.,politics,article,2025-05-05,,655,Author_23,"['tag_4', 'tag_1']"
426,Sample video about technology #426,This is a video about technology. Lorem ipsum dolor sit amet.,technology,video,2025-01-28,94,,Author_27,['tag_14']
427,Sample video about food #427,This is a video about food. Lorem ipsum dolor sit amet.,food,video,2025-03-14,70,,Author_25,['tag_16']
428,Sample article about science #428,This is a article about science. Lorem ipsum dolor sit amet.,science,article,2025-01-21,,703,Author_3,"['tag_1', 'tag_11']"
429,Sample article about politics #429,This is a article about politics. Lorem ipsum dolor sit amet.,politics,article,2025-08-03,,2900,Author_11,"['tag_6', 'tag_3']"
430,Sample video about sports #430,This is a video about sports. Lorem ipsum dolor sit amet.,sports,video,2024-11-09,79,,Author_31,"['tag_1', 'tag_14', 'tag_6']"
431,Sample article about travel #431,This is a article about travel. Lorem ipsum dolor sit amet.,travel,article,2025-08-13,,929,Author_22,['tag_7']
432,Sample post about travel #432,This is a post about travel. Lorem ipsum dolor sit amet.,travel,post,2024-11-30,,,Author_47,"['tag_18', 'tag_9', 'tag_10']"
433,Sample article about politics #433,This is a article about politics. Lorem ipsum dolor sit amet.,politics,article,2025-07-22,,506,Author_26,"['tag_18', 'tag_16', 'tag_5']"
434,Sample video about technology #434,This is a video about technology. Lorem ipsum dolor sit amet.,technology,video,2025-09-08,55,,Author_6,"['tag_20', 'tag_16']"
435,Sample article about science #435,This is a article about science. Lorem ipsum dolor sit amet.,science,article,2025-08-27,,1795,Author_11,"['tag_10', 'tag_3', 'tag_16']"
436,Sample video about sports #436,This is a video about sports. Lorem ipsum dolor sit amet.,sports,video,2025-02-18,61,,Author_32,"['tag_9', 'tag_3', 'tag_18']"
437,Sample article about travel #437,This is a article about travel. Lorem ipsum dolor sit amet.,travel,article,2025-03-04,,3224,Author_24,['tag_15']
438,Sample video about technology #438,This is a video about technology. Lorem ipsum dolor sit amet.,technology,video,2025-01-27,60,,Author_17,['tag_9']
439,Sample article about technology #439,This is a article about technology. Lorem ipsum dolor sit amet.,technology,article,2024-09-18,,892,Author_6,"['tag_12', 'tag_18', 'tag_14']"
440,Sample post about science #440,This is a post about science. Lorem ipsum dolor sit amet.,science,post,2025-08-09,,,Author_25,"['tag_14', 'tag_18', 'tag_16']"
441,Sample video about science #441,This is a video about science. Lorem ipsum dolor sit amet.,science,video,2025-04-09,11,,Author_26,"['tag_2', 'tag_17', 'tag_19']"
442,Sample article about entertainment #442,This is a article about entertainment. Lorem ipsum dolor sit amet.,entertainment,article,2025-01-23,,1516,Author_11,['tag_7']
443,Sample article about entertainment #443,This is a article about entertainment. Lorem ipsum dolor sit amet.,entertainment,article,2025-02-05,,741,Author_44,"['tag_7', 'tag_5']"
444,Sample video about politics #444,This is a video about politics. Lorem ipsum dolor sit amet.,politics,video,2025-08-06,12,,Author_25,"['tag_13', 'tag_18', 'tag_11']"
445,Sample post about politics #445,This is a post about politics. Lorem ipsum dolor sit amet.,politics,post,2025-01-18,,,Author_1,"['tag_20', 'tag_19', 'tag_17']"
446,Sample article about travel #446,This is a article about travel. Lorem ipsum dolor sit amet.,travel,article,2025-02-09,,1325,Author_10,"['tag_19', 'tag_19', 'tag_4']"
447,Sample post about sports #447,This is a post about sports. Lorem ipsum dolor sit amet.,sports,post,2025-07-20,,,Author_19,"['tag_12', 'tag_14', 'tag_9']"
448,Sample post about travel #448,This is a post about travel. Lorem ipsum dolor sit amet.,travel,post,2025-01-04,,,Author_37,"['tag_16', 'tag_2', 'tag_6']"
449,Sample video about politics #449,This is a video about politics. Lorem ipsum dolor sit amet.,politics,video,2025-06-28,80,,Author_39,"['tag_13', 'tag_2', 'tag_13']"
450,Sample post about health #450,This is a post about health. Lorem ipsum dolor sit amet.,health,post,2025-05-11,,,Author_4,"['tag_16', 'tag_9', 'tag_12']"
451,Sample video about technology #451,This is a video about technology. Lorem ipsum dolor sit amet.,technology,video,2025-04-07,40,,Author_18,"['tag_4', 'tag_8']"
452,Sample video about entertainment #452,This is a video about entertainment. Lorem ipsum dolor sit amet.,entertainment,video,2025-01-26,100,,Author_21,"['tag_14', 'tag_20']"
453,Sample article about sports #453,This is a article about sports. Lorem ipsum dolor sit amet.,sports,article,2025-01-26,,1831,Author_27,"['tag_16', 'tag_17', 'tag_12']"
454,Sample post about technology #454,This is a post about technology. Lorem ipsum dolor sit amet.,technology,post,2025-06-20,,,Author_5,"['tag_17', 'tag_13']"
455,Sample post about entertainment #455,This is a post about entertainment. Lorem ipsum dolor sit amet.,entertainment,post,2024-11-22,,,Author_2,['tag_7']
456,Sample article about science #456,This is a article about science. Lorem ipsum dolor sit amet.,science,article,2025-05-05,,370,Author_30,['tag_12']
457,Sample video about science #457,This is a video about science. Lorem ipsum dolor sit amet.,science,video,2025-03-05,106,,Author_30,"['tag_13', 'tag_4', 'tag_1']"
458,Sample video about science #458,This is a video about science. Lorem ipsum dolor sit amet.,science,video,2025-01-02,77,,Author_29,['tag_16']
459,Sample video about health #459,This is a video about health. Lorem ipsum dolor sit amet.,health,video,2025-06-18,108,,Author_17,"['tag_3', 'tag_10', 'tag_1']"
460,Sample article about travel #460,This is a article about travel. Lorem ipsum dolor sit amet.,travel,article,2025-06-18,,4787,Author_50,['tag_8']
461,Sample post about science #461,This is a post about science. Lorem ipsum dolor sit amet.,science,post,2025-05-27,,,Author_18,"['tag_14', 'tag_17', 'tag_1']"
462,Sample video about technology #462,This is a video about technology. Lorem ipsum dolor sit amet.,technology,video,2025-07-04,83,,Author_12,"['tag_1', 'tag_8', 'tag_9']"
463,Sample post about politics #463,This is a post about politics. Lorem ipsum dolor sit amet.,politics,post,2024-09-11,,,Author_42,"['tag_14', 'tag_13']"
464,Sample video about health #464,This is a video about health. Lorem ipsum dolor sit amet.,health,video,2025-05-03,28,,Author_30,"['tag_17', 'tag_20']"
465,Sample post about travel #465,This is a post about travel. Lorem ipsum dolor sit amet.,travel,post,2025-07-19,,,Author_1,"['tag_12', 'tag_18', 'tag_20']"
466,Sample video about politics #466,This is a video about politics. Lorem ipsum dolor sit amet.,politics,video,2024-09-24,14,,Author_31,['tag_11']
467,Sample post about politics #467,This is a post about politics. Lorem ipsum dolor sit amet.,politics,post,2025-03-27,,,Author_18,"['tag_10', 'tag_7']"
468,Sample post about entertainment #468,This is a post about entertainment. Lorem ipsum dolor sit amet.,entertainment,post,2025-05-09,,,Author_4,"['tag_13', 'tag_11', 'tag_5']"
469,Sample post about technology #469,This is a post about technology. Lorem ipsum dolor sit amet.,technology,post,2024-12-29,,,Author_19,"['tag_14', 'tag_13']"
470,Sample post about travel #470,This is a post about travel. Lorem ipsum dolor sit amet.,travel,post,2025-08-22,,,Author_38,"['tag_19', 'tag_7', 'tag_11']"
471,Sample post about science #471,This is a post about science. Lorem ipsum dolor sit amet.,science,post,2024-12-10,,,Author_41,"['tag_12', 'tag_17']"
472,Sample article about politics #472,This is a article about politics. Lorem ipsum dolor sit amet.,politics,article,2024-10-08,,4673,Author_12,"['tag_4', 'tag_16']"
473,Sample post about entertainment #473,This is a post about entertainment. Lorem ipsum dolor sit amet.,entertainment,post,2025-04-30,,,Author_47,"['tag_6', 'tag_11', 'tag_3']"
474,Sample video about science #474,This is a video about science. Lorem ipsum dolor sit amet.,science,video,2025-05-18,96,,Author_20,"['tag_11', 'tag_12']"
475,Sample post about politics #475,This is a post about politics. Lorem ipsum dolor sit amet.,politics,post,2025-04-12,,,Author_30,['tag_16']
476,Sample post about technology #476,This is a post about technology. Lorem ipsum dolor sit amet.,technology,post,2024-11-15,,,Author_38,"['tag_3', 'tag_16', 'tag_7']"
477,Sample post about sports #477,This is a post about sports. Lorem ipsum dolor sit amet.,sports,post,2025-02-26,,,Author_34,"['tag_14', 'tag_2']"
478,Sample article about entertainment #478,This is a article about entertainment. Lorem ipsum dolor sit amet.,entertainment,article,2025-05-30,,2907,Author_27,"['tag_15', 'tag_5', 'tag_11']"
479,Sample article about entertainment #479,This is a article about entertainment. Lorem ipsum dolor sit amet.,entertainment,article,2025-01-03,,2824,Author_41,['tag_11']
480,Sample article about technology #480,This is a article about technology. Lorem ipsum dolor sit amet.,technology,article,2025-01-21,,2340,Author_14,['tag_19']
481,Sample video about entertainment #481,This is a video about entertainment. Lorem ipsum dolor sit amet.,entertainment,video,2025-07-26,17,,Author_40,"['tag_14', 'tag_13']"
482,Sample video about travel #482,This is a video about travel. Lorem ipsum dolor sit amet.,travel,video,2025-02-25,1,,Author_3,"['tag_7', 'tag_12', 'tag_1']"
483,Sample post about health #483,This is a post about health. Lorem ipsum dolor sit amet.,health,post,2025-06-04,,,Author_2,"['tag_1', 'tag_8', 'tag_8']"
484,Sample video about health #484,This is a video about health. Lorem ipsum dolor sit amet.,health,video,2025-07-05,14,,Author_25,"['tag_19', 'tag_10', 'tag_6']"
485,Sample article about sports #485,This is a article about sports. Lorem ipsum dolor sit amet.,sports,article,2025-04-10,,2482,Author_30,"['tag_17', 'tag_20', 'tag_17']"
486,Sample video about health #486,This is a video about health. Lorem ipsum dolor sit amet.,health,video,2024-09-23,18,,Author_22,"['tag_12', 'tag_7']"
487,Sample video about entertainment #487,This is a video about entertainment. Lorem ipsum dolor sit amet.,entertainment,video,2025-08-31,30,,Author_15,"['tag_5', 'tag_7', 'tag_1']"
488,Sample article about entertainment #488,This is a article about entertainment. Lorem ipsum dolor sit amet.,entertainment,article,2025-03-06,,406,Author_25,"['tag_9', 'tag_18', 'tag_20']"
489,Sample post about technology #489,This is a post about technology. Lorem ipsum dolor sit amet.,technology,post,2025-08-16,,,Author_43,['tag_1']
490,Sample post about technology #490,This is a post about technology. Lorem ipsum dolor sit amet.,technology,post,2025-07-12,,,Author_27,"['tag_13', 'tag_4']"
491,Sample video about politics #491,This is a video about politics. Lorem ipsum dolor sit amet.,politics,video,2024-09-15,20,,Author_14,"['tag_1', 'tag_10', 'tag_14']"
492,Sample post about sports #492,This is a post about sports. Lorem ipsum dolor sit amet.,sports,post,2024-12-17,,,Author_18,"['tag_20', 'tag_5', 'tag_14']"
493,Sample post about sports #493,This is a post about sports. Lorem ipsum dolor sit amet.,sports,post,2024-10-28,,,Author_8,"['tag_4', 'tag_4']"
494,Sample article about food #494,This is a article about food. Lorem ipsum dolor sit amet.,food,article,2024-11-02,,1736,Author_50,"['tag_17', 'tag_7']"
495,Sample post about health #495,This is a post about health. Lorem ipsum dolor sit amet.,health,post,2025-02-12,,,Author_19,['tag_2']
496,Sample article about food #496,This is a article about food. Lorem ipsum dolor sit amet.,food,article,2024-09-22,,4037,Author_22,['tag_1']
497,Sample post about technology #497,This is a post about technology. Lorem ipsum dolor sit amet.,technology,post,2025-07-26,,,Author_8,"['tag_16', 'tag_5', 'tag_3']"
498,Sample post about sports #498,This is a post about sports. Lorem ipsum dolor sit amet.,sports,post,2025-07-20,,,Author_17,"['tag_8', 'tag_15', 'tag_10']"
499,Sample video about politics #499,This is a video about politics. Lorem ipsum dolor sit amet.,politics,video,2025-08-15,13,,Author_12,['tag_10']
